now,cpu.total,value,cpu.system,cpu.idle,cpu.user,mem.percent
2023-08-23 17:58:02 +0100,2.9,1.6,97.1,1.2,4.3
2023-08-23 17:59:02 +0100,1.8,0.9,98.2,0.8,4.3
2023-08-23 18:00:02 +0100,2.1,1.1,97.9,0.9,4.3
2023-08-23 18:01:02 +0100,4.4,1.5,95.6,2.9,4.3
2023-08-23 18:02:02 +0100,5.7,2.3,94.3,3.4,4.6
2023-08-23 18:03:02 +0100,6.8,3.1,93.2,3.5,4.6
2023-08-23 18:04:02 +0100,8.2,3.4,91.8,4.7,4.6
2023-08-23 18:05:02 +0100,2.7,1.3,97.3,1.3,4.6
2023-08-23 18:06:02 +0100,3.0,1.2,97.0,1.7,4.7
2023-08-23 18:07:02 +0100,2.2,1.3,97.8,0.8,4.7
2023-08-23 18:08:02 +0100,5.1,2.0,94.9,2.9,4.7
2023-08-23 18:09:02 +0100,7.2,1.8,92.8,5.3,4.7
2023-08-23 18:10:02 +0100,6.3,1.7,93.7,4.5,4.8
2023-08-23 18:11:02 +0100,4.5,1.6,95.5,2.8,4.8
2023-08-23 18:12:02 +0100,4.9,1.6,95.1,3.2,4.8
2023-08-23 18:13:02 +0100,3.8,1.6,96.2,2.2,4.8
2023-08-23 18:14:02 +0100,2.1,0.8,97.9,1.3,4.6
2023-08-23 18:15:02 +0100,1.9,1.0,98.1,0.8,4.6
2023-08-23 18:16:02 +0100,1.6,0.9,98.4,0.7,4.6
2023-08-23 18:17:03 +0100,5.3,1.7,94.7,3.5,4.7
2023-08-23 18:18:03 +0100,9.5,2.7,90.5,6.6,4.7
2023-08-23 18:19:03 +0100,12.1,3.3,87.9,8.6,4.6
2023-08-23 18:20:03 +0100,5.2,1.3,94.8,3.8,4.6
2023-08-23 18:21:03 +0100,5.0,1.3,95.0,3.6,4.7
2023-08-23 18:22:03 +0100,4.0,1.1,96.0,2.8,4.7
2023-08-23 18:23:03 +0100,4.2,1.3,95.8,2.9,4.7
2023-08-23 18:24:03 +0100,4.4,1.2,95.6,3.1,4.7
2023-08-23 18:25:03 +0100,4.4,1.5,95.6,2.8,4.7
2023-08-23 18:26:03 +0100,2.6,0.5,97.4,2.1,4.7
2023-08-23 18:27:03 +0100,4.2,1.4,95.8,2.7,4.7
2023-08-23 18:28:03 +0100,4.3,1.4,95.7,2.7,4.6
2023-08-23 18:29:03 +0100,4.3,1.3,95.7,2.9,4.6
2023-08-23 18:30:03 +0100,4.2,1.2,95.8,2.9,4.6
2023-08-23 18:31:03 +0100,3.7,1.3,96.3,2.3,4.6
2023-08-23 18:32:03 +0100,3.9,1.1,96.1,2.7,4.6
2023-08-23 18:33:03 +0100,3.8,1.1,96.2,2.6,4.6
2023-08-23 18:34:03 +0100,4.5,1.1,95.5,3.3,4.6
2023-08-23 18:35:03 +0100,4.2,1.4,95.8,2.7,4.6
2023-08-23 18:36:03 +0100,3.8,1.1,96.2,2.6,4.6
2023-08-23 18:37:03 +0100,3.9,1.2,96.1,2.6,4.6
2023-08-23 18:38:03 +0100,2.8,0.5,97.2,2.2,4.6
2023-08-23 18:39:03 +0100,4.4,1.3,95.6,2.9,4.7
2023-08-23 18:40:03 +0100,3.9,1.2,96.1,2.6,4.7
2023-08-23 18:41:03 +0100,4.2,1.2,95.8,2.9,4.7
2023-08-23 18:42:03 +0100,4.4,1.2,95.6,3.0,4.7
2023-08-23 18:43:03 +0100,4.5,1.6,95.5,2.8,4.7
2023-08-23 18:44:03 +0100,4.4,1.2,95.6,3.1,4.6
2023-08-23 18:45:03 +0100,4.2,1.2,95.8,2.9,4.6
2023-08-23 18:46:03 +0100,3.8,1.1,96.2,2.5,4.6
2023-08-23 18:47:03 +0100,4.2,1.4,95.8,2.8,4.6
2023-08-23 18:48:03 +0100,3.8,1.1,96.2,2.5,4.6
2023-08-23 18:49:03 +0100,3.8,1.1,96.2,2.6,4.6
2023-08-23 18:50:03 +0100,3.2,0.8,96.8,2.3,4.6
2023-08-23 18:51:03 +0100,4.0,1.3,96.0,2.6,4.6
2023-08-23 18:52:03 +0100,4.4,1.2,95.6,3.1,4.6
2023-08-23 18:53:03 +0100,4.3,1.4,95.7,2.8,4.6
2023-08-23 18:54:03 +0100,4.5,1.2,95.5,3.2,4.7
2023-08-23 18:55:03 +0100,4.1,1.3,95.9,2.7,4.7
2023-08-23 18:56:03 +0100,3.6,1.0,96.4,2.6,4.6
2023-08-23 18:57:03 +0100,3.9,1.4,96.1,2.4,4.6
2023-08-23 18:58:03 +0100,4.1,1.3,95.9,2.7,4.6
2023-08-23 18:59:03 +0100,4.5,1.5,95.5,3.0,4.7
2023-08-23 19:00:03 +0100,4.3,1.3,95.7,2.9,4.7
2023-08-23 19:01:03 +0100,3.2,1.0,96.8,2.2,4.6
2023-08-23 19:02:03 +0100,3.1,0.9,96.9,2.2,4.6
2023-08-23 19:03:03 +0100,3.9,1.2,96.1,2.5,4.6
2023-08-23 19:04:03 +0100,4.3,1.2,95.7,3.0,4.6
2023-08-23 19:05:03 +0100,4.0,1.3,96.0,2.7,4.6
2023-08-23 19:06:03 +0100,3.7,1.2,96.3,2.4,4.6
2023-08-23 19:07:03 +0100,3.7,1.2,96.3,2.5,4.6
2023-08-23 19:08:03 +0100,3.7,1.1,96.3,2.5,4.6
2023-08-23 19:09:03 +0100,4.1,1.4,95.9,2.6,4.6
2023-08-23 19:10:03 +0100,3.9,1.2,96.1,2.6,4.6
2023-08-23 19:11:03 +0100,6.2,2.2,93.8,3.9,4.6
2023-08-23 19:12:03 +0100,4.0,1.0,96.0,2.9,4.6
2023-08-23 19:13:03 +0100,3.4,1.0,96.6,2.3,4.6
2023-08-23 19:14:03 +0100,3.8,1.0,96.2,2.8,4.6
2023-08-23 19:15:03 +0100,3.9,1.2,96.1,2.6,4.6
2023-08-23 19:16:03 +0100,3.8,1.1,96.2,2.5,4.6
2023-08-23 19:17:03 +0100,3.9,1.3,96.1,2.4,4.6
2023-08-23 19:18:03 +0100,3.5,1.0,96.5,2.3,4.6
2023-08-23 19:19:03 +0100,3.7,1.2,96.3,2.4,4.6
2023-08-23 19:20:03 +0100,4.0,1.2,96.0,2.7,4.6
2023-08-23 19:21:03 +0100,3.9,1.2,96.1,2.6,4.6
2023-08-23 19:22:03 +0100,3.9,1.1,96.1,2.7,4.6
2023-08-23 19:23:03 +0100,3.7,1.2,96.3,2.4,4.6
2023-08-23 19:24:03 +0100,4.0,1.1,96.0,2.9,4.6
2023-08-23 19:25:03 +0100,2.6,0.7,97.4,1.9,4.6
2023-08-23 19:26:03 +0100,3.5,1.1,96.5,2.3,4.6
2023-08-23 19:27:03 +0100,3.6,1.1,96.4,2.4,4.6
2023-08-23 19:28:03 +0100,4.0,1.4,96.0,2.5,4.6
2023-08-23 19:29:03 +0100,3.7,1.2,96.3,2.3,4.6
2023-08-23 19:30:03 +0100,3.2,1.0,96.8,2.1,4.6
2023-08-23 19:31:03 +0100,4.1,1.4,95.9,2.7,4.6
2023-08-23 19:32:03 +0100,3.5,1.1,96.5,2.3,4.6
2023-08-23 19:33:03 +0100,3.7,1.2,96.3,2.4,4.6
2023-08-23 19:34:03 +0100,3.9,1.3,96.1,2.5,4.6
2023-08-23 19:35:03 +0100,3.5,1.2,96.5,2.2,4.6
2023-08-23 19:36:03 +0100,3.7,1.2,96.3,2.5,4.6
2023-08-23 19:37:03 +0100,2.3,0.6,97.7,1.7,4.6
2023-08-23 19:38:03 +0100,3.6,1.1,96.4,2.4,4.6
2023-08-23 19:39:03 +0100,3.8,1.3,96.2,2.4,4.6
2023-08-23 19:40:03 +0100,3.3,1.0,96.7,2.2,4.7
2023-08-23 19:41:03 +0100,3.4,1.2,96.6,2.1,4.7
2023-08-23 19:42:03 +0100,3.5,1.0,96.5,2.4,4.7
2023-08-23 19:43:03 +0100,3.8,1.4,96.2,2.2,4.7
2023-08-23 19:44:03 +0100,4.0,1.2,96.0,2.7,4.6
2023-08-23 19:45:03 +0100,3.4,1.1,96.6,2.2,4.6
2023-08-23 19:46:03 +0100,3.7,1.2,96.3,2.4,4.6
2023-08-23 19:47:03 +0100,3.5,1.3,96.5,2.1,4.6
2023-08-23 19:48:03 +0100,3.1,0.9,96.9,2.1,4.6
2023-08-23 19:49:03 +0100,2.1,0.6,97.9,1.5,4.6
2023-08-23 19:50:03 +0100,3.2,1.1,96.8,2.1,4.6
2023-08-23 19:51:03 +0100,3.5,1.2,96.5,2.2,4.6
2023-08-23 19:52:03 +0100,3.4,0.9,96.6,2.4,4.6
2023-08-23 19:53:03 +0100,3.7,1.2,96.3,2.4,4.7
2023-08-23 19:54:03 +0100,3.6,1.0,96.4,2.5,4.7
2023-08-23 19:55:04 +0100,3.4,1.2,96.6,2.1,4.6
2023-08-23 19:56:03 +0100,3.8,1.8,96.2,1.9,4.6
2023-08-23 19:57:04 +0100,1.9,1.0,98.1,0.9,4.3
2023-08-23 19:58:03 +0100,1.8,1.0,98.2,0.7,4.3
2023-08-23 19:59:04 +0100,1.9,1.0,98.1,0.8,4.3
2023-08-23 20:00:04 +0100,1.2,0.6,98.8,0.5,4.3
2023-08-23 20:01:04 +0100,1.0,0.5,99.0,0.5,4.3
2023-08-23 20:02:04 +0100,1.9,0.9,98.1,0.9,4.3
2023-08-23 20:03:04 +0100,1.8,1.0,98.2,0.7,4.3
2023-08-23 20:04:04 +0100,2.1,0.9,97.9,1.1,4.3
2023-08-23 20:05:04 +0100,1.7,0.9,98.3,0.7,4.3
2023-08-23 20:06:04 +0100,2.0,1.0,98.0,0.9,4.3
2023-08-23 20:07:04 +0100,1.8,1.0,98.2,0.8,4.3
2023-08-23 20:08:04 +0100,1.8,0.9,98.2,0.8,4.3
2023-08-23 20:09:04 +0100,1.9,1.0,98.1,0.8,4.3
2023-08-23 20:10:04 +0100,1.8,0.9,98.2,0.8,4.3
2023-08-23 20:11:04 +0100,1.9,1.1,98.1,0.8,4.3
2023-08-23 20:12:04 +0100,0.8,0.4,99.2,0.3,4.3
2023-08-23 20:13:04 +0100,2.0,1.0,98.0,1.0,4.3
2023-08-23 20:14:04 +0100,2.1,1.0,97.9,1.1,4.3
2023-08-23 20:15:04 +0100,1.6,0.9,98.4,0.7,4.3
2023-08-23 20:16:04 +0100,1.8,0.9,98.2,0.7,4.3
2023-08-23 20:17:04 +0100,2.0,1.1,98.0,0.8,4.3
2023-08-23 20:18:04 +0100,1.7,0.9,98.3,0.7,4.3
2023-08-23 20:19:04 +0100,2.2,1.2,97.8,0.9,4.3
2023-08-23 20:20:04 +0100,2.1,1.0,97.9,1.0,4.3
2023-08-23 20:21:04 +0100,2.0,1.1,98.0,0.9,4.3
2023-08-23 20:22:04 +0100,2.1,1.0,97.9,1.0,4.3
2023-08-23 20:23:04 +0100,1.7,0.9,98.3,0.8,4.3
2023-08-23 20:24:04 +0100,0.7,0.3,99.3,0.5,4.3
2023-08-23 20:25:04 +0100,1.7,0.9,98.3,0.7,4.3
2023-08-23 20:26:04 +0100,1.7,0.9,98.3,0.7,4.3
2023-08-23 20:27:04 +0100,1.7,0.9,98.3,0.7,4.3
2023-08-23 20:28:04 +0100,2.1,1.1,97.9,0.9,4.3
2023-08-23 20:29:04 +0100,1.8,1.0,98.2,0.8,4.3
2023-08-23 20:30:04 +0100,5.0,2.1,95.0,2.9,4.3
2023-08-23 20:31:04 +0100,1.9,1.0,98.1,0.8,4.3
2023-08-23 20:32:04 +0100,1.8,0.9,98.2,0.8,4.3
2023-08-23 20:33:04 +0100,1.6,0.9,98.4,0.7,4.3
2023-08-23 20:34:04 +0100,2.4,1.1,97.6,1.1,4.3
2023-08-23 20:35:04 +0100,1.3,0.7,98.7,0.5,4.3
2023-08-23 20:36:04 +0100,0.8,0.4,99.2,0.4,4.3
2023-08-23 20:37:04 +0100,1.7,0.9,98.3,0.7,4.3
2023-08-23 20:38:04 +0100,1.6,0.9,98.4,0.6,4.3
2023-08-23 20:39:04 +0100,2.2,1.1,97.8,0.9,4.3
2023-08-23 20:40:04 +0100,1.6,0.9,98.4,0.7,4.3
2023-08-23 20:41:04 +0100,9.3,4.1,90.7,5.1,4.3
2023-08-23 20:42:04 +0100,8.7,3.3,91.3,5.3,4.4
2023-08-23 20:43:04 +0100,2.9,1.2,97.1,1.6,4.4
2023-08-23 20:44:04 +0100,2.1,1.0,97.9,1.0,4.3
2023-08-23 20:45:04 +0100,2.0,1.1,98.0,0.8,4.3
2023-08-23 20:46:04 +0100,2.0,1.0,98.0,0.9,4.3
2023-08-23 20:47:04 +0100,1.0,0.6,99.0,0.4,4.3
2023-08-23 20:48:04 +0100,1.2,0.6,98.8,0.5,4.3
2023-08-23 20:49:04 +0100,1.7,1.0,98.3,0.6,4.3
2023-08-23 20:50:04 +0100,2.8,1.4,97.2,1.3,4.3
2023-08-23 20:51:04 +0100,2.2,1.1,97.8,1.1,4.3
2023-08-23 20:52:04 +0100,1.8,0.9,98.2,0.8,4.3
2023-08-23 20:53:04 +0100,1.9,1.1,98.1,0.8,4.3
2023-08-23 20:54:04 +0100,2.3,1.0,97.7,1.2,4.3
2023-08-23 20:55:04 +0100,1.9,1.0,98.1,0.7,4.3
2023-08-23 20:56:04 +0100,1.9,0.9,98.1,0.9,4.3
2023-08-23 20:57:04 +0100,1.9,1.0,98.1,0.7,4.3
2023-08-23 20:58:04 +0100,1.9,1.0,98.1,0.8,4.3
2023-08-23 20:59:04 +0100,0.3,0.2,99.7,0.1,4.3
2023-08-23 21:00:04 +0100,1.5,0.8,98.5,0.6,4.3
2023-08-23 21:01:04 +0100,2.1,1.0,97.9,0.9,4.3
2023-08-23 21:02:04 +0100,1.7,0.8,98.3,0.8,4.3
2023-08-23 21:03:04 +0100,1.9,0.9,98.1,0.8,4.3
2023-08-23 21:04:04 +0100,2.1,0.9,97.9,1.0,4.3
2023-08-23 21:05:04 +0100,2.0,1.0,98.0,0.9,4.3
2023-08-23 21:06:04 +0100,1.6,0.8,98.4,0.8,4.3
2023-08-23 21:07:04 +0100,2.0,1.0,98.0,0.9,4.3
2023-08-23 21:08:04 +0100,1.6,0.8,98.4,0.8,4.3
2023-08-23 21:09:04 +0100,1.8,0.9,98.2,0.8,4.3
2023-08-23 21:10:04 +0100,1.5,0.8,98.5,0.6,4.3
2023-08-23 21:11:04 +0100,0.6,0.3,99.4,0.3,4.3
2023-08-23 21:12:04 +0100,1.8,0.9,98.2,0.9,4.3
2023-08-23 21:13:04 +0100,2.2,1.1,97.8,1.1,4.3
2023-08-23 21:14:04 +0100,3.0,1.4,97.0,1.6,4.3
2023-08-23 21:15:04 +0100,1.7,1.0,98.3,0.7,4.3
2023-08-23 21:16:04 +0100,1.9,0.9,98.1,0.9,4.3
2023-08-23 21:17:04 +0100,1.9,1.1,98.1,0.7,4.3
2023-08-23 21:18:04 +0100,1.8,1.0,98.2,0.8,4.3
2023-08-23 21:19:04 +0100,1.7,1.0,98.3,0.7,4.3
2023-08-23 21:20:04 +0100,2.1,1.0,97.9,1.0,4.3
2023-08-23 21:21:04 +0100,1.8,1.0,98.2,0.7,4.3
2023-08-23 21:22:04 +0100,1.2,0.5,98.8,0.7,4.3
2023-08-23 21:23:04 +0100,1.2,0.6,98.8,0.5,4.3
2023-08-23 21:24:04 +0100,2.7,1.4,97.3,1.3,4.3
2023-08-23 21:25:05 +0100,2.0,1.0,98.0,0.9,4.3
2023-08-23 21:26:04 +0100,1.6,0.8,98.4,0.7,4.3
2023-08-23 21:27:05 +0100,2.0,1.0,98.0,0.9,4.3
2023-08-23 21:28:05 +0100,1.9,1.1,98.1,0.7,4.3
2023-08-23 21:29:05 +0100,1.9,1.1,98.1,0.8,4.3
2023-08-23 21:30:05 +0100,1.7,1.0,98.3,0.7,4.3
2023-08-23 21:31:05 +0100,1.8,1.0,98.2,0.8,4.2
2023-08-23 21:32:05 +0100,1.8,0.9,98.2,0.8,4.3
2023-08-23 21:33:05 +0100,1.8,0.9,98.2,0.8,4.3
2023-08-23 21:34:05 +0100,1.0,0.4,99.0,0.6,4.3
2023-08-23 21:35:05 +0100,1.6,0.9,98.4,0.7,4.3
2023-08-23 21:36:05 +0100,1.9,0.9,98.1,0.9,4.3
2023-08-23 21:37:05 +0100,2.0,1.1,98.0,0.8,4.3
2023-08-23 21:38:05 +0100,1.8,0.9,98.2,0.8,4.3
2023-08-23 21:39:05 +0100,2.1,1.1,97.9,0.9,4.3
2023-08-23 21:40:05 +0100,1.9,0.9,98.1,0.9,4.3
2023-08-23 21:41:05 +0100,5.7,2.7,94.3,2.9,4.3
2023-08-23 21:42:05 +0100,1.8,1.0,98.2,0.8,4.3
2023-08-23 21:43:05 +0100,2.1,1.3,97.9,0.7,4.3
2023-08-23 21:44:05 +0100,2.5,0.9,97.5,1.4,4.3
2023-08-23 21:45:05 +0100,1.7,1.0,98.3,0.6,4.3
2023-08-23 21:46:05 +0100,0.5,0.2,99.5,0.3,4.3
2023-08-23 21:47:05 +0100,2.3,1.1,97.7,1.1,4.3
2023-08-23 21:48:05 +0100,1.8,1.0,98.2,0.7,4.3
2023-08-23 21:49:05 +0100,2.0,1.0,98.0,0.9,4.3
2023-08-23 21:50:05 +0100,1.7,1.0,98.3,0.7,4.3
2023-08-23 21:51:05 +0100,1.9,1.0,98.1,0.8,4.3
2023-08-23 21:52:05 +0100,2.2,1.0,97.8,1.1,4.3
2023-08-23 21:53:05 +0100,2.2,1.1,97.8,0.9,4.3
2023-08-23 21:54:05 +0100,2.0,1.0,98.0,1.0,4.3
2023-08-23 21:55:05 +0100,1.8,1.0,98.2,0.7,4.3
2023-08-23 21:56:05 +0100,1.7,0.9,98.3,0.7,4.3
2023-08-23 21:57:05 +0100,1.3,0.6,98.7,0.6,4.3
2023-08-23 21:58:05 +0100,1.2,0.7,98.8,0.5,4.3
2023-08-23 21:59:05 +0100,2.0,1.1,98.0,0.7,4.3
2023-08-23 22:00:05 +0100,1.9,1.0,98.1,0.8,4.2
2023-08-23 22:01:05 +0100,1.7,1.0,98.3,0.7,4.2
2023-08-23 22:02:05 +0100,1.9,1.0,98.1,0.9,4.3
2023-08-23 22:03:05 +0100,1.9,1.0,98.1,0.8,4.3
2023-08-23 22:04:05 +0100,2.4,1.1,97.6,1.2,4.3
2023-08-23 22:05:05 +0100,1.8,1.0,98.2,0.7,4.3
2023-08-23 22:06:05 +0100,1.7,0.9,98.3,0.7,4.3
2023-08-23 22:07:05 +0100,1.9,1.0,98.1,0.7,4.3
2023-08-23 22:08:05 +0100,1.8,1.0,98.2,0.8,4.3
2023-08-23 22:09:05 +0100,0.7,0.4,99.3,0.3,4.3
2023-08-23 22:10:05 +0100,1.5,0.8,98.5,0.6,4.3
2023-08-23 22:11:05 +0100,2.0,1.0,98.0,0.8,4.3
2023-08-23 22:12:05 +0100,1.7,0.9,98.3,0.7,4.3
2023-08-23 22:13:05 +0100,4.6,1.8,95.4,2.6,4.3
2023-08-23 22:14:05 +0100,2.3,1.1,97.7,1.2,4.3
2023-08-23 22:15:05 +0100,2.0,1.1,98.0,0.8,4.3
2023-08-23 22:16:05 +0100,1.7,0.9,98.3,0.7,4.3
2023-08-23 22:17:05 +0100,2.0,0.9,98.0,1.0,4.3
2023-08-23 22:18:05 +0100,1.6,0.8,98.4,0.7,4.3
2023-08-23 22:19:05 +0100,3.0,1.4,97.0,1.5,4.3
2023-08-23 22:20:05 +0100,1.9,0.9,98.1,0.8,4.3
2023-08-23 22:21:05 +0100,0.4,0.3,99.6,0.1,4.3
2023-08-23 22:22:05 +0100,2.6,1.1,97.4,1.3,4.3
2023-08-23 22:23:05 +0100,1.9,1.1,98.1,0.7,4.3
2023-08-23 22:24:05 +0100,2.3,1.0,97.7,1.2,4.3
2023-08-23 22:25:05 +0100,1.7,1.0,98.3,0.7,4.3
2023-08-23 22:26:05 +0100,1.9,0.9,98.1,0.9,4.3
2023-08-23 22:27:05 +0100,2.0,1.1,98.0,0.8,4.3
2023-08-23 22:28:05 +0100,2.0,1.0,98.0,0.8,4.3
2023-08-23 22:29:05 +0100,1.8,1.0,98.2,0.7,4.3
2023-08-23 22:30:05 +0100,1.9,1.0,98.1,0.9,4.3
2023-08-23 22:31:05 +0100,1.8,1.0,98.2,0.7,4.3
2023-08-23 22:32:05 +0100,1.5,0.7,98.5,0.8,4.3
2023-08-23 22:33:05 +0100,1.0,0.5,99.0,0.5,4.3
2023-08-23 22:34:05 +0100,2.2,1.1,97.8,1.1,4.3
2023-08-23 22:35:05 +0100,1.9,1.0,98.1,0.8,4.3
2023-08-23 22:36:05 +0100,1.5,0.8,98.5,0.6,4.3
2023-08-23 22:37:05 +0100,2.0,1.1,98.0,0.8,4.3
2023-08-23 22:38:05 +0100,1.8,1.0,98.2,0.7,4.3
2023-08-23 22:39:05 +0100,2.1,1.1,97.9,0.9,4.3
2023-08-23 22:40:05 +0100,1.7,0.9,98.3,0.7,4.3
2023-08-23 22:41:05 +0100,1.9,1.0,98.1,0.8,4.3
2023-08-23 22:42:05 +0100,1.7,0.9,98.3,0.7,4.3
2023-08-23 22:43:05 +0100,2.1,1.2,97.9,0.8,4.3
2023-08-23 22:44:05 +0100,1.7,0.6,98.3,1.1,4.3
2023-08-23 22:45:05 +0100,1.3,0.7,98.7,0.5,4.3
2023-08-23 22:46:05 +0100,2.0,1.1,98.0,0.8,4.3
2023-08-23 22:47:05 +0100,2.1,1.1,97.9,0.9,4.3
2023-08-23 22:48:05 +0100,1.9,1.0,98.1,0.8,4.3
2023-08-23 22:49:05 +0100,1.8,1.0,98.2,0.7,4.3
2023-08-23 22:50:05 +0100,1.7,0.8,98.3,0.8,4.3
2023-08-23 22:51:05 +0100,1.6,1.0,98.4,0.6,4.3
2023-08-23 22:52:05 +0100,2.2,0.9,97.8,1.1,4.3
2023-08-23 22:53:06 +0100,2.0,1.1,98.0,0.8,4.3
2023-08-23 22:54:05 +0100,2.4,1.1,97.6,1.2,4.3
2023-08-23 22:55:06 +0100,1.8,1.0,98.2,0.8,4.3
2023-08-23 22:56:06 +0100,0.3,0.1,99.7,0.2,4.3
2023-08-23 22:57:06 +0100,2.0,1.1,98.0,0.8,4.3
2023-08-23 22:58:06 +0100,1.8,1.0,98.2,0.7,4.3
2023-08-23 22:59:06 +0100,2.0,1.1,98.0,0.8,4.3
2023-08-23 23:00:06 +0100,1.6,0.9,98.4,0.6,4.3
2023-08-23 23:01:06 +0100,1.9,0.9,98.1,0.9,4.3
2023-08-23 23:02:06 +0100,1.6,0.9,98.4,0.7,4.3
2023-08-23 23:03:06 +0100,2.1,1.0,97.9,0.9,4.3
2023-08-23 23:04:06 +0100,2.4,1.1,97.6,1.2,4.3
2023-08-23 23:05:06 +0100,1.9,1.0,98.1,0.9,4.3
2023-08-23 23:06:06 +0100,1.8,1.0,98.2,0.7,4.3
2023-08-23 23:07:06 +0100,1.7,0.9,98.3,0.7,4.3
2023-08-23 23:08:06 +0100,0.7,0.3,99.3,0.4,4.3
2023-08-23 23:09:06 +0100,2.0,1.2,98.0,0.7,4.3
2023-08-23 23:10:06 +0100,1.8,1.0,98.2,0.8,4.3
2023-08-23 23:11:06 +0100,1.7,0.9,98.3,0.7,4.3
2023-08-23 23:12:06 +0100,1.7,0.9,98.3,0.7,4.3
2023-08-23 23:13:06 +0100,2.1,1.0,97.9,1.1,4.3
2023-08-23 23:14:06 +0100,2.5,1.2,97.5,1.2,4.3
2023-08-23 23:15:06 +0100,1.9,1.2,98.1,0.6,4.3
2023-08-23 23:16:06 +0100,1.8,0.9,98.2,0.8,4.3
2023-08-23 23:17:06 +0100,2.1,1.2,97.9,0.8,4.3
2023-08-23 23:18:06 +0100,1.7,0.8,98.3,0.8,4.3
2023-08-23 23:19:06 +0100,1.0,0.5,99.0,0.4,4.3
2023-08-23 23:20:06 +0100,1.2,0.5,98.8,0.6,4.3
2023-08-23 23:21:06 +0100,2.3,1.1,97.7,1.1,4.3
2023-08-23 23:22:06 +0100,1.7,0.9,98.3,0.7,4.3
2023-08-23 23:23:06 +0100,1.9,1.0,98.1,0.8,4.3
2023-08-23 23:24:06 +0100,2.2,1.0,97.8,1.1,4.3
2023-08-23 23:25:06 +0100,1.9,1.0,98.1,0.8,4.3
2023-08-23 23:26:06 +0100,1.9,0.9,98.1,0.8,4.3
2023-08-23 23:27:06 +0100,2.2,1.2,97.8,0.8,4.3
2023-08-23 23:28:06 +0100,1.6,0.8,98.4,0.7,4.3
2023-08-23 23:29:06 +0100,2.1,1.2,97.9,0.9,4.3
2023-08-23 23:30:06 +0100,1.6,0.8,98.4,0.6,4.3
2023-08-23 23:31:06 +0100,0.4,0.2,99.6,0.2,4.3
2023-08-23 23:32:06 +0100,2.2,1.1,97.8,1.0,4.3
2023-08-23 23:33:06 +0100,1.9,1.1,98.1,0.7,4.3
2023-08-23 23:34:06 +0100,2.5,1.2,97.5,1.2,4.3
2023-08-23 23:35:06 +0100,1.6,0.9,98.4,0.6,4.3
2023-08-23 23:36:06 +0100,1.8,0.9,98.2,0.8,4.3
2023-08-23 23:37:06 +0100,1.8,1.1,98.2,0.6,4.3
2023-08-23 23:38:06 +0100,2.0,0.9,98.0,1.0,4.3
2023-08-23 23:39:06 +0100,2.2,1.2,97.8,0.9,4.3
2023-08-23 23:40:06 +0100,1.8,0.9,98.2,0.7,4.3
2023-08-23 23:41:06 +0100,1.8,1.0,98.2,0.8,4.3
2023-08-23 23:42:06 +0100,1.7,0.8,98.3,0.8,4.3
2023-08-23 23:43:06 +0100,1.8,0.6,98.2,1.2,4.3
2023-08-23 23:44:06 +0100,4.9,2.0,95.1,2.8,4.3
2023-08-23 23:45:06 +0100,2.0,1.1,98.0,0.8,4.3
2023-08-23 23:46:06 +0100,1.3,0.8,98.7,0.5,4.3
2023-08-23 23:47:06 +0100,2.1,1.0,97.9,1.0,4.3
2023-08-23 23:48:06 +0100,1.9,1.0,98.1,0.8,4.3
2023-08-23 23:49:06 +0100,2.1,1.2,97.9,0.8,4.3
2023-08-23 23:50:06 +0100,1.6,0.8,98.4,0.7,4.3
2023-08-23 23:51:06 +0100,2.4,1.1,97.6,1.3,4.3
2023-08-23 23:52:06 +0100,1.6,0.8,98.4,0.8,4.3
2023-08-23 23:53:06 +0100,2.4,1.2,97.6,1.1,4.3
2023-08-23 23:54:06 +0100,1.5,0.6,98.5,0.8,4.3
2023-08-23 23:55:06 +0100,1.2,0.6,98.8,0.5,4.3
2023-08-23 23:56:06 +0100,1.8,0.9,98.2,0.8,4.3
2023-08-23 23:57:06 +0100,1.6,0.9,98.4,0.6,4.3
2023-08-23 23:58:06 +0100,2.0,1.0,98.0,0.9,4.3
2023-08-23 23:59:06 +0100,2.1,1.2,97.9,0.8,4.3
2023-08-24 00:00:06 +0100,1.8,0.9,98.2,0.8,4.3
2023-08-24 00:01:06 +0100,1.9,1.1,98.1,0.7,4.3
2023-08-24 00:02:06 +0100,1.9,0.8,98.1,0.9,4.3
2023-08-24 00:03:06 +0100,1.9,1.1,98.1,0.7,4.3
2023-08-24 00:04:06 +0100,2.5,1.1,97.5,1.2,4.3
2023-08-24 00:05:06 +0100,1.9,1.1,98.1,0.7,4.3
2023-08-24 00:06:06 +0100,0.5,0.2,99.5,0.2,4.3
2023-08-24 00:07:06 +0100,1.9,1.0,98.1,0.8,4.3
2023-08-24 00:08:06 +0100,1.5,0.8,98.5,0.6,4.3
2023-08-24 00:09:06 +0100,1.9,1.1,98.1,0.7,4.3
2023-08-24 00:10:06 +0100,1.7,0.9,98.3,0.7,4.3
2023-08-24 00:11:06 +0100,1.8,1.0,98.2,0.7,4.3
2023-08-24 00:12:06 +0100,1.6,0.9,98.4,0.7,4.3
2023-08-24 00:13:06 +0100,2.6,1.2,97.4,1.3,4.3
2023-08-24 00:14:06 +0100,3.2,1.5,96.8,1.6,4.3
2023-08-24 00:15:06 +0100,2.1,1.1,97.9,0.9,4.3
2023-08-24 00:16:06 +0100,1.7,0.9,98.3,0.7,4.3
2023-08-24 00:17:06 +0100,1.8,1.0,98.2,0.7,4.3
2023-08-24 00:18:06 +0100,0.7,0.3,99.3,0.3,4.3
2023-08-24 00:19:06 +0100,1.7,1.0,98.3,0.6,4.3
2023-08-24 00:20:06 +0100,1.9,0.9,98.1,1.0,4.3
2023-08-24 00:21:06 +0100,1.7,1.0,98.3,0.6,4.3
2023-08-24 00:22:06 +0100,2.2,1.0,97.8,1.1,4.3
2023-08-24 00:23:06 +0100,1.9,1.0,98.1,0.8,4.3
2023-08-24 00:24:06 +0100,2.5,1.2,97.5,1.2,4.3
2023-08-24 00:25:07 +0100,1.9,1.1,98.1,0.6,4.3
2023-08-24 00:26:06 +0100,1.9,1.0,98.1,0.8,4.3
2023-08-24 00:27:07 +0100,1.9,1.1,98.1,0.7,4.3
2023-08-24 00:28:07 +0100,1.8,0.9,98.2,0.8,4.3
2023-08-24 00:29:07 +0100,1.3,0.9,98.7,0.4,4.3
2023-08-24 00:30:07 +0100,0.8,0.4,99.2,0.4,4.3
2023-08-24 00:31:07 +0100,1.8,1.0,98.2,0.7,4.3
2023-08-24 00:32:07 +0100,1.7,1.0,98.3,0.7,4.3
2023-08-24 00:33:07 +0100,2.4,1.2,97.6,1.0,4.3
2023-08-24 00:34:07 +0100,2.2,1.0,97.8,1.1,4.3
2023-08-24 00:35:07 +0100,1.8,1.0,98.2,0.8,4.3
2023-08-24 00:36:07 +0100,1.8,1.0,98.2,0.8,4.3
2023-08-24 00:37:07 +0100,2.1,1.0,97.9,1.0,4.3
2023-08-24 00:38:07 +0100,1.7,0.9,98.3,0.7,4.3
2023-08-24 00:39:07 +0100,2.0,1.0,98.0,0.9,4.3
2023-08-24 00:40:07 +0100,1.5,0.7,98.5,0.7,4.3
2023-08-24 00:41:07 +0100,0.6,0.3,99.4,0.3,4.3
2023-08-24 00:42:07 +0100,1.5,0.7,98.5,0.7,4.3
2023-08-24 00:43:07 +0100,2.3,1.0,97.7,1.2,4.3
2023-08-24 00:44:07 +0100,2.5,1.2,97.5,1.2,4.3
2023-08-24 00:45:07 +0100,1.8,1.0,98.2,0.8,4.3
2023-08-24 00:46:07 +0100,1.8,0.8,98.2,0.9,4.3
2023-08-24 00:47:07 +0100,1.6,0.9,98.4,0.7,4.3
2023-08-24 00:48:07 +0100,1.8,0.8,98.2,0.9,4.3
2023-08-24 00:49:07 +0100,1.7,0.9,98.3,0.7,4.3
2023-08-24 00:50:07 +0100,1.8,0.9,98.2,0.9,4.3
2023-08-24 00:51:07 +0100,1.8,1.0,98.2,0.7,4.3
2023-08-24 00:52:07 +0100,2.0,0.9,98.0,1.1,4.3
2023-08-24 00:53:07 +0100,0.7,0.4,99.3,0.3,4.3
2023-08-24 00:54:07 +0100,2.2,1.0,97.8,1.1,4.3
2023-08-24 00:55:07 +0100,2.0,0.9,98.0,0.9,4.3
2023-08-24 00:56:07 +0100,1.5,0.8,98.5,0.7,4.3
2023-08-24 00:57:07 +0100,1.8,1.0,98.2,0.8,4.3
2023-08-24 00:58:07 +0100,1.8,1.0,98.2,0.8,4.3
2023-08-24 00:59:07 +0100,2.1,1.2,97.9,0.8,4.3
2023-08-24 01:00:07 +0100,1.6,0.8,98.4,0.7,4.3
2023-08-24 01:01:07 +0100,2.0,1.1,98.0,0.9,4.3
2023-08-24 01:02:07 +0100,1.9,1.0,98.1,0.8,4.3
2023-08-24 01:03:07 +0100,2.1,1.1,97.9,0.9,4.3
2023-08-24 01:04:07 +0100,1.6,0.7,98.4,0.8,4.3
2023-08-24 01:05:07 +0100,0.8,0.4,99.2,0.4,4.3
2023-08-24 01:06:07 +0100,1.8,1.0,98.2,0.7,4.3
2023-08-24 01:07:07 +0100,1.8,1.0,98.2,0.7,4.3
2023-08-24 01:08:07 +0100,1.9,0.9,98.1,0.9,4.3
2023-08-24 01:09:07 +0100,1.7,1.0,98.3,0.7,4.3
2023-08-24 01:10:07 +0100,1.8,0.9,98.2,0.8,4.3
2023-08-24 01:11:07 +0100,1.9,1.1,98.1,0.7,4.3
2023-08-24 01:12:07 +0100,1.8,1.0,98.2,0.8,4.3
2023-08-24 01:13:07 +0100,2.2,1.0,97.8,1.0,4.3
2023-08-24 01:14:07 +0100,2.4,1.1,97.6,1.2,4.3
2023-08-24 01:15:07 +0100,4.0,1.8,96.0,2.2,4.3
2023-08-24 01:16:07 +0100,0.7,0.3,99.3,0.4,4.3
2023-08-24 01:17:07 +0100,1.5,0.8,98.5,0.7,4.3
2023-08-24 01:18:07 +0100,1.9,1.0,98.1,0.8,4.3
2023-08-24 01:19:07 +0100,1.9,1.0,98.1,0.8,4.3
2023-08-24 01:20:07 +0100,1.7,0.9,98.3,0.8,4.3
2023-08-24 01:21:07 +0100,2.1,1.1,97.9,0.9,4.3
2023-08-24 01:22:07 +0100,2.0,0.9,98.0,1.0,4.3
2023-08-24 01:23:07 +0100,2.1,1.2,97.9,0.9,4.3
2023-08-24 01:24:07 +0100,2.3,1.0,97.7,1.1,4.3
2023-08-24 01:25:07 +0100,2.0,0.9,98.0,1.0,4.3
2023-08-24 01:26:07 +0100,1.8,0.9,98.2,0.8,4.3
2023-08-24 01:27:07 +0100,1.8,1.0,98.2,0.7,4.3
2023-08-24 01:28:07 +0100,2.2,0.7,97.8,1.5,4.2
2023-08-24 01:29:07 +0100,1.9,1.2,98.1,0.7,4.2
2023-08-24 01:30:07 +0100,2.0,1.0,98.0,0.9,4.2
2023-08-24 01:31:07 +0100,1.8,1.0,98.2,0.7,4.2
2023-08-24 01:32:07 +0100,1.8,0.9,98.2,0.8,4.2
2023-08-24 01:33:07 +0100,2.0,1.1,98.0,0.8,4.2
2023-08-24 01:34:07 +0100,4.8,2.0,95.2,2.8,4.2
2023-08-24 01:35:07 +0100,1.8,1.0,98.2,0.7,4.3
2023-08-24 01:36:07 +0100,1.8,0.9,98.2,0.7,4.3
2023-08-24 01:37:07 +0100,1.5,0.8,98.5,0.7,4.2
2023-08-24 01:38:07 +0100,1.9,1.0,98.1,0.8,4.2
2023-08-24 01:39:07 +0100,2.4,1.2,97.6,1.2,4.2
2023-08-24 01:40:07 +0100,0.6,0.3,99.4,0.2,4.2
2023-08-24 01:41:07 +0100,2.2,1.2,97.8,0.8,4.2
2023-08-24 01:42:07 +0100,1.8,1.0,98.2,0.7,4.2
2023-08-24 01:43:07 +0100,2.2,1.1,97.8,0.9,4.2
2023-08-24 01:44:07 +0100,2.8,1.3,97.2,1.4,4.2
2023-08-24 01:45:07 +0100,2.1,1.2,97.9,0.9,4.2
2023-08-24 01:46:07 +0100,1.8,1.0,98.2,0.7,4.2
2023-08-24 01:47:07 +0100,2.0,1.1,98.0,0.8,4.2
2023-08-24 01:48:07 +0100,1.5,0.8,98.5,0.6,4.2
2023-08-24 01:49:08 +0100,2.0,1.1,98.0,0.9,4.2
2023-08-24 01:50:07 +0100,1.8,0.9,98.2,0.7,4.2
2023-08-24 01:51:08 +0100,1.0,0.6,99.0,0.4,4.2
2023-08-24 01:52:08 +0100,1.6,0.6,98.4,0.9,4.2
2023-08-24 01:53:08 +0100,2.1,1.2,97.9,0.9,4.3
2023-08-24 01:54:08 +0100,2.3,1.0,97.7,1.2,4.3
2023-08-24 01:55:08 +0100,1.8,1.0,98.2,0.7,4.2
2023-08-24 01:56:08 +0100,1.8,1.0,98.2,0.8,4.2
2023-08-24 01:57:08 +0100,1.7,1.0,98.3,0.6,4.2
2023-08-24 01:58:08 +0100,1.9,1.0,98.1,0.8,4.2
2023-08-24 01:59:08 +0100,1.9,1.1,98.1,0.7,4.2
2023-08-24 02:00:08 +0100,1.9,1.0,98.1,0.8,4.2
2023-08-24 02:01:08 +0100,1.9,1.1,98.1,0.7,4.2
2023-08-24 02:02:08 +0100,1.9,0.9,98.1,0.9,4.2
2023-08-24 02:03:08 +0100,0.4,0.2,99.6,0.2,4.2
2023-08-24 02:04:08 +0100,2.5,1.2,97.5,1.1,4.2
2023-08-24 02:05:08 +0100,2.0,1.0,98.0,0.9,4.2
2023-08-24 02:06:08 +0100,1.6,0.9,98.4,0.6,4.2
2023-08-24 02:07:08 +0100,1.7,0.9,98.3,0.8,4.2
2023-08-24 02:08:08 +0100,1.6,0.8,98.4,0.7,4.2
2023-08-24 02:09:08 +0100,1.8,0.9,98.2,0.8,4.2
2023-08-24 02:10:08 +0100,1.6,0.9,98.4,0.6,4.2
2023-08-24 02:11:08 +0100,1.9,1.0,98.1,0.8,4.2
2023-08-24 02:12:08 +0100,1.7,1.0,98.3,0.7,4.2
2023-08-24 02:13:08 +0100,2.7,1.2,97.3,1.4,4.2
2023-08-24 02:14:08 +0100,8.0,2.1,92.0,5.8,4.3
2023-08-24 02:15:08 +0100,0.7,0.3,99.3,0.4,4.3
2023-08-24 02:16:08 +0100,1.9,0.9,98.1,0.9,4.2
2023-08-24 02:17:08 +0100,1.7,1.0,98.3,0.7,4.2
2023-08-24 02:18:08 +0100,1.9,1.0,98.1,0.9,4.2
2023-08-24 02:19:08 +0100,1.8,1.0,98.2,0.7,4.2
2023-08-24 02:20:08 +0100,2.0,0.9,98.0,1.0,4.2
2023-08-24 02:21:08 +0100,1.5,0.9,98.5,0.6,4.2
2023-08-24 02:22:08 +0100,1.9,0.9,98.1,1.0,4.3
2023-08-24 02:23:08 +0100,1.9,1.0,98.1,0.9,4.3
2023-08-24 02:24:08 +0100,2.5,1.2,97.5,1.2,4.2
2023-08-24 02:25:08 +0100,1.9,1.1,98.1,0.6,4.2
2023-08-24 02:26:08 +0100,1.0,0.5,99.0,0.5,4.2
2023-08-24 02:27:08 +0100,1.1,0.5,98.9,0.5,4.2
2023-08-24 02:28:08 +0100,1.7,0.9,98.3,0.7,4.2
2023-08-24 02:29:08 +0100,2.2,1.2,97.8,0.9,4.2
2023-08-24 02:30:08 +0100,1.7,0.9,98.3,0.8,4.2
2023-08-24 02:31:08 +0100,2.0,1.0,98.0,0.8,4.2
2023-08-24 02:32:08 +0100,1.5,0.7,98.5,0.8,4.2
2023-08-24 02:33:08 +0100,2.0,1.0,98.0,0.9,4.2
2023-08-24 02:34:08 +0100,2.4,1.1,97.6,1.1,4.2
2023-08-24 02:35:08 +0100,2.0,1.2,98.0,0.8,4.2
2023-08-24 02:36:08 +0100,1.6,0.9,98.4,0.7,4.2
2023-08-24 02:37:08 +0100,2.0,1.1,98.0,0.8,4.2
2023-08-24 02:38:08 +0100,0.5,0.2,99.5,0.2,4.2
2023-08-24 02:39:08 +0100,1.9,0.9,98.1,0.9,4.2
2023-08-24 02:40:08 +0100,1.8,0.9,98.2,0.8,4.2
2023-08-24 02:41:08 +0100,10.3,4.5,89.7,5.8,4.2
2023-08-24 02:42:08 +0100,5.5,2.4,94.5,2.9,4.3
2023-08-24 02:43:08 +0100,2.6,1.0,97.4,1.4,4.3
2023-08-24 02:44:08 +0100,2.7,1.3,97.3,1.3,4.3
2023-08-24 02:45:08 +0100,1.9,1.1,98.1,0.8,4.3
2023-08-24 02:46:08 +0100,4.0,1.6,96.0,2.2,4.3
2023-08-24 02:47:08 +0100,1.8,1.0,98.2,0.7,4.3
2023-08-24 02:48:08 +0100,1.7,0.8,98.3,0.8,4.3
2023-08-24 02:49:08 +0100,1.7,0.9,98.3,0.7,4.3
2023-08-24 02:50:08 +0100,0.5,0.3,99.5,0.2,4.3
2023-08-24 02:51:08 +0100,3.0,1.6,97.0,1.3,4.3
2023-08-24 02:52:08 +0100,2.0,0.9,98.0,1.0,4.3
2023-08-24 02:53:08 +0100,2.1,1.1,97.9,1.0,4.3
2023-08-24 02:54:08 +0100,2.1,1.0,97.9,1.0,4.3
2023-08-24 02:55:08 +0100,1.9,0.9,98.1,0.9,4.3
2023-08-24 02:56:08 +0100,1.7,0.9,98.3,0.8,4.3
2023-08-24 02:57:08 +0100,1.7,0.9,98.3,0.7,4.2
2023-08-24 02:58:08 +0100,1.5,0.8,98.5,0.7,4.2
2023-08-24 02:59:08 +0100,2.2,1.2,97.8,0.9,4.2
2023-08-24 03:00:08 +0100,1.7,0.9,98.3,0.7,4.2
2023-08-24 03:01:08 +0100,1.2,0.7,98.8,0.5,4.2
2023-08-24 03:02:08 +0100,1.0,0.5,99.0,0.5,4.2
2023-08-24 03:03:08 +0100,1.9,1.1,98.1,0.7,4.2
2023-08-24 03:04:08 +0100,2.6,1.2,97.4,1.3,4.2
2023-08-24 03:05:08 +0100,1.6,1.0,98.4,0.5,4.2
2023-08-24 03:06:08 +0100,1.8,0.9,98.2,0.8,4.2
2023-08-24 03:07:08 +0100,1.8,1.1,98.2,0.6,4.2
2023-08-24 03:08:08 +0100,1.9,0.9,98.1,0.8,4.2
2023-08-24 03:09:08 +0100,1.8,1.0,98.2,0.7,4.2
2023-08-24 03:10:08 +0100,1.8,0.9,98.2,0.8,4.2
2023-08-24 03:11:08 +0100,1.8,1.1,98.2,0.7,4.2
2023-08-24 03:12:08 +0100,1.9,0.9,98.1,0.8,4.2
2023-08-24 03:13:08 +0100,0.7,0.4,99.3,0.3,4.3
2023-08-24 03:14:08 +0100,3.2,1.5,96.8,1.6,4.3
2023-08-24 03:15:08 +0100,2.1,1.1,97.9,0.9,4.2
2023-08-24 03:16:08 +0100,1.5,0.9,98.5,0.6,4.2
2023-08-24 03:17:08 +0100,1.9,0.9,98.1,0.9,4.2
2023-08-24 03:18:08 +0100,1.6,0.9,98.4,0.7,4.2
2023-08-24 03:19:08 +0100,2.2,1.2,97.8,0.9,4.2
2023-08-24 03:20:08 +0100,2.1,1.0,97.9,0.9,4.2
2023-08-24 03:21:08 +0100,1.9,1.1,98.1,0.8,4.2
2023-08-24 03:22:08 +0100,1.7,1.0,98.3,0.6,4.2
2023-08-24 03:23:08 +0100,2.5,1.2,97.5,1.2,4.2
2023-08-24 03:24:09 +0100,2.1,1.0,97.9,1.0,4.2
2023-08-24 03:25:08 +0100,0.4,0.3,99.6,0.1,4.2
2023-08-24 03:26:09 +0100,1.9,0.9,98.1,0.8,4.2
2023-08-24 03:27:09 +0100,1.6,0.9,98.4,0.6,4.2
2023-08-24 03:28:09 +0100,1.8,0.9,98.2,0.9,4.2
2023-08-24 03:29:09 +0100,2.1,1.3,97.9,0.7,4.2
2023-08-24 03:30:09 +0100,2.2,1.0,97.8,1.0,4.2
2023-08-24 03:31:09 +0100,1.9,1.1,98.1,0.7,4.2
2023-08-24 03:32:09 +0100,1.9,0.9,98.1,0.9,4.2
2023-08-24 03:33:09 +0100,1.7,1.0,98.3,0.7,4.2
2023-08-24 03:34:09 +0100,2.5,1.2,97.5,1.3,4.2
2023-08-24 03:35:09 +0100,1.7,1.0,98.3,0.7,4.2
2023-08-24 03:36:09 +0100,1.1,0.6,98.9,0.5,4.2
2023-08-24 03:37:09 +0100,1.0,0.5,99.0,0.4,4.2
2023-08-24 03:38:09 +0100,1.5,0.8,98.5,0.6,4.2
2023-08-24 03:39:09 +0100,2.2,1.1,97.8,1.0,4.3
2023-08-24 03:40:09 +0100,1.7,0.9,98.3,0.7,4.3
2023-08-24 03:41:09 +0100,5.3,1.7,94.7,3.6,4.3
2023-08-24 03:42:09 +0100,2.7,0.9,97.3,1.7,4.3
2023-08-24 03:43:09 +0100,2.0,1.1,98.0,0.8,4.3
2023-08-24 03:44:09 +0100,2.6,1.2,97.4,1.3,4.3
2023-08-24 03:45:09 +0100,2.1,1.1,97.9,0.8,4.2
2023-08-24 03:46:09 +0100,1.8,0.9,98.2,0.7,4.2
2023-08-24 03:47:09 +0100,1.9,1.0,98.1,0.8,4.2
2023-08-24 03:48:09 +0100,1.6,0.9,98.4,0.7,4.2
2023-08-24 03:49:09 +0100,1.4,0.8,98.6,0.6,4.2
2023-08-24 03:50:09 +0100,1.9,0.9,98.1,0.8,4.2
2023-08-24 03:51:09 +0100,1.7,1.0,98.3,0.7,4.2
2023-08-24 03:52:09 +0100,1.8,0.9,98.2,0.8,4.2
2023-08-24 03:53:09 +0100,2.4,1.1,97.6,1.2,4.3
2023-08-24 03:54:09 +0100,2.4,1.0,97.6,1.3,4.3
2023-08-24 03:55:09 +0100,1.9,1.1,98.1,0.7,4.3
2023-08-24 03:56:09 +0100,1.7,0.9,98.3,0.8,4.3
2023-08-24 03:57:09 +0100,1.7,1.0,98.3,0.7,4.2
2023-08-24 03:58:09 +0100,1.7,0.9,98.3,0.8,4.2
2023-08-24 03:59:09 +0100,2.0,1.2,98.0,0.7,4.2
2023-08-24 04:00:09 +0100,0.4,0.2,99.6,0.2,4.2
2023-08-24 04:01:09 +0100,1.9,1.0,98.1,0.8,4.2
2023-08-24 04:02:09 +0100,1.8,0.9,98.2,0.8,4.2
2023-08-24 04:03:09 +0100,2.0,1.0,98.0,0.9,4.2
2023-08-24 04:04:09 +0100,2.2,0.9,97.8,1.2,4.2
2023-08-24 04:05:09 +0100,1.9,1.0,98.1,0.9,4.2
2023-08-24 04:06:09 +0100,1.5,0.8,98.5,0.7,4.2
2023-08-24 04:07:09 +0100,2.0,1.0,98.0,0.9,4.2
2023-08-24 04:08:09 +0100,1.5,0.7,98.5,0.7,4.2
2023-08-24 04:09:09 +0100,2.0,1.0,98.0,0.9,4.2
2023-08-24 04:10:09 +0100,1.9,1.0,98.1,0.8,4.2
2023-08-24 04:11:09 +0100,1.4,0.7,98.6,0.6,4.3
2023-08-24 04:12:09 +0100,0.5,0.2,99.5,0.2,4.3
2023-08-24 04:13:09 +0100,2.0,1.1,98.0,0.8,4.3
2023-08-24 04:14:09 +0100,2.6,1.0,97.4,1.5,4.2
2023-08-24 04:15:09 +0100,1.9,1.0,98.1,0.8,4.2
2023-08-24 04:16:09 +0100,1.5,0.7,98.5,0.8,4.2
2023-08-24 04:17:09 +0100,4.2,1.7,95.8,2.5,4.2
2023-08-24 04:18:09 +0100,1.7,0.8,98.3,0.9,4.2
2023-08-24 04:19:09 +0100,1.7,0.8,98.3,0.8,4.2
2023-08-24 04:20:09 +0100,2.1,0.9,97.9,1.1,4.2
2023-08-24 04:21:09 +0100,1.7,0.9,98.3,0.8,4.2
2023-08-24 04:22:09 +0100,1.8,0.9,98.2,0.8,4.2
2023-08-24 04:23:09 +0100,1.2,0.5,98.8,0.6,4.2
2023-08-24 04:24:09 +0100,1.5,0.7,98.5,0.8,4.2
2023-08-24 04:25:09 +0100,2.0,0.9,98.0,1.0,4.2
2023-08-24 04:26:09 +0100,1.5,0.8,98.5,0.7,4.2
2023-08-24 04:27:09 +0100,1.9,0.9,98.1,0.8,4.2
2023-08-24 04:28:09 +0100,1.9,1.0,98.1,0.7,4.2
2023-08-24 04:29:09 +0100,2.2,1.3,97.8,0.8,4.2
2023-08-24 04:30:09 +0100,1.8,1.0,98.2,0.7,4.2
2023-08-24 04:31:09 +0100,2.1,1.0,97.9,0.9,4.2
2023-08-24 04:32:09 +0100,1.8,0.9,98.2,0.8,4.2
2023-08-24 04:33:09 +0100,1.9,1.0,98.1,0.8,4.2
2023-08-24 04:34:09 +0100,1.9,0.8,98.1,1.0,4.2
2023-08-24 04:35:09 +0100,0.5,0.3,99.5,0.2,4.2
2023-08-24 04:36:09 +0100,1.7,0.9,98.3,0.7,4.2
2023-08-24 04:37:09 +0100,1.8,1.0,98.2,0.7,4.2
2023-08-24 04:38:09 +0100,1.8,0.9,98.2,0.9,4.2
2023-08-24 04:39:09 +0100,1.9,1.0,98.1,0.8,4.3
2023-08-24 04:40:09 +0100,1.9,1.0,98.1,0.9,4.3
2023-08-24 04:41:09 +0100,1.8,1.1,98.2,0.6,4.3
2023-08-24 04:42:09 +0100,1.9,1.0,98.1,0.8,4.3
2023-08-24 04:43:09 +0100,1.7,0.8,98.3,0.8,4.3
2023-08-24 04:44:09 +0100,2.9,1.3,97.1,1.5,4.3
2023-08-24 04:45:09 +0100,1.8,1.1,98.2,0.7,4.2
2023-08-24 04:46:09 +0100,1.5,0.7,98.5,0.6,4.2
2023-08-24 04:47:09 +0100,0.8,0.4,99.2,0.4,4.2
2023-08-24 04:48:09 +0100,1.8,1.0,98.2,0.7,4.2
2023-08-24 04:49:09 +0100,2.1,1.1,97.9,0.8,4.2
2023-08-24 04:50:09 +0100,1.9,1.0,98.1,0.8,4.2
2023-08-24 04:51:09 +0100,2.0,1.1,98.0,0.8,4.2
2023-08-24 04:52:09 +0100,1.5,0.8,98.5,0.6,4.2
2023-08-24 04:53:09 +0100,2.5,1.2,97.5,1.2,4.2
2023-08-24 04:54:09 +0100,2.1,1.0,97.9,1.0,4.3
2023-08-24 04:55:09 +0100,2.0,1.0,98.0,0.9,4.3
2023-08-24 04:56:09 +0100,1.6,0.9,98.4,0.6,4.2
2023-08-24 04:57:09 +0100,1.8,1.0,98.2,0.7,4.2
2023-08-24 04:58:10 +0100,1.0,0.5,99.0,0.5,4.2
2023-08-24 04:59:09 +0100,1.3,0.8,98.7,0.5,4.2
2023-08-24 05:00:10 +0100,1.9,1.0,98.1,0.9,4.2
2023-08-24 05:01:10 +0100,1.8,0.9,98.2,0.8,4.2
2023-08-24 05:02:10 +0100,1.8,0.9,98.2,0.8,4.2
2023-08-24 05:03:10 +0100,1.9,1.0,98.1,0.8,4.2
2023-08-24 05:04:10 +0100,2.3,1.0,97.7,1.2,4.2
2023-08-24 05:05:10 +0100,1.9,1.0,98.1,0.8,4.2
2023-08-24 05:06:10 +0100,1.8,1.0,98.2,0.8,4.2
2023-08-24 05:07:10 +0100,6.0,1.8,94.0,4.1,4.2
2023-08-24 05:08:10 +0100,12.5,1.7,87.5,10.8,4.3
2023-08-24 05:09:10 +0100,10.1,1.3,89.9,8.7,4.3
2023-08-24 05:10:10 +0100,8.9,1.0,91.1,7.9,4.3
2023-08-24 05:11:10 +0100,4.5,1.9,95.5,2.6,4.3
2023-08-24 05:12:10 +0100,1.6,0.9,98.4,0.6,4.3
2023-08-24 05:13:10 +0100,2.0,0.9,98.0,0.9,4.3
2023-08-24 05:14:10 +0100,2.6,1.2,97.4,1.3,4.3
2023-08-24 05:15:10 +0100,2.0,1.0,98.0,0.8,4.3
2023-08-24 05:16:10 +0100,1.7,0.9,98.3,0.7,4.3
2023-08-24 05:17:10 +0100,2.2,1.2,97.8,0.9,4.2
2023-08-24 05:18:10 +0100,1.6,0.8,98.4,0.7,4.2
2023-08-24 05:19:10 +0100,1.9,1.0,98.1,0.8,4.2
2023-08-24 05:20:10 +0100,2.0,1.1,98.0,0.9,4.2
2023-08-24 05:21:10 +0100,1.7,0.9,98.3,0.7,4.2
2023-08-24 05:22:10 +0100,0.9,0.3,99.1,0.6,4.3
2023-08-24 05:23:10 +0100,1.8,1.0,98.2,0.8,4.2
2023-08-24 05:24:10 +0100,2.1,0.9,97.9,1.2,4.2
2023-08-24 05:25:10 +0100,1.7,1.0,98.3,0.7,4.2
2023-08-24 05:26:10 +0100,1.6,0.8,98.4,0.7,4.2
2023-08-24 05:27:10 +0100,1.7,1.0,98.3,0.6,4.2
2023-08-24 05:28:10 +0100,2.0,1.1,98.0,0.8,4.2
2023-08-24 05:29:10 +0100,2.0,1.2,98.0,0.7,4.2
2023-08-24 05:30:10 +0100,1.8,0.9,98.2,0.8,4.2
2023-08-24 05:31:10 +0100,1.9,1.1,98.1,0.6,4.2
2023-08-24 05:32:10 +0100,1.8,0.9,98.2,0.8,4.2
2023-08-24 05:33:10 +0100,1.2,0.6,98.8,0.6,4.2
2023-08-24 05:34:10 +0100,1.3,0.5,98.7,0.7,4.2
2023-08-24 05:35:10 +0100,2.1,1.1,97.9,0.9,4.2
2023-08-24 05:36:10 +0100,1.6,0.8,98.4,0.7,4.2
2023-08-24 05:37:10 +0100,2.1,1.2,97.9,0.8,4.2
2023-08-24 05:38:10 +0100,1.7,0.9,98.3,0.6,4.2
2023-08-24 05:39:10 +0100,2.1,1.0,97.9,1.0,4.3
2023-08-24 05:40:10 +0100,1.7,1.0,98.3,0.6,4.3
2023-08-24 05:41:10 +0100,1.9,1.0,98.1,0.8,4.3
2023-08-24 05:42:10 +0100,1.6,0.9,98.4,0.6,4.3
2023-08-24 05:43:10 +0100,2.4,1.0,97.6,1.3,4.3
2023-08-24 05:44:10 +0100,2.5,1.1,97.5,1.3,4.3
2023-08-24 05:45:10 +0100,0.9,0.5,99.1,0.4,4.2
2023-08-24 05:46:10 +0100,1.5,0.7,98.5,0.7,4.2
2023-08-24 05:47:10 +0100,1.9,1.2,98.1,0.6,4.3
2023-08-24 05:48:10 +0100,4.1,1.6,95.9,2.3,4.3
2023-08-24 05:49:10 +0100,1.7,1.0,98.3,0.6,4.2
2023-08-24 05:50:10 +0100,1.9,1.0,98.1,0.8,4.2
2023-08-24 05:51:10 +0100,1.7,1.0,98.3,0.6,4.2
2023-08-24 05:52:10 +0100,2.1,0.9,97.9,1.1,4.2
2023-08-24 05:53:10 +0100,2.0,1.1,98.0,0.8,4.3
2023-08-24 05:54:10 +0100,2.1,0.9,97.9,1.1,4.3
2023-08-24 05:55:10 +0100,1.8,1.1,98.2,0.7,4.2
2023-08-24 05:56:10 +0100,1.8,0.9,98.2,0.8,4.2
2023-08-24 05:57:10 +0100,0.4,0.2,99.6,0.1,4.2
2023-08-24 05:58:10 +0100,1.8,1.0,98.2,0.7,4.2
2023-08-24 05:59:10 +0100,2.1,1.2,97.9,0.8,4.2
2023-08-24 06:00:10 +0100,1.6,0.9,98.4,0.7,4.2
2023-08-24 06:01:10 +0100,2.1,1.0,97.9,1.0,4.2
2023-08-24 06:02:10 +0100,1.5,0.7,98.5,0.7,4.2
2023-08-24 06:03:10 +0100,1.8,1.0,98.2,0.8,4.2
2023-08-24 06:04:10 +0100,2.1,1.0,97.9,1.0,4.2
2023-08-24 06:05:10 +0100,1.8,1.0,98.2,0.8,4.2
2023-08-24 06:06:10 +0100,1.7,0.8,98.3,0.8,4.2
2023-08-24 06:07:10 +0100,2.0,1.1,98.0,0.8,4.2
2023-08-24 06:08:10 +0100,1.3,0.7,98.7,0.5,4.2
2023-08-24 06:09:10 +0100,0.8,0.4,99.2,0.4,4.2
2023-08-24 06:10:10 +0100,1.9,0.9,98.1,0.8,4.2
2023-08-24 06:11:10 +0100,1.8,1.1,98.2,0.7,4.2
2023-08-24 06:12:10 +0100,1.9,1.0,98.1,0.8,4.3
2023-08-24 06:13:10 +0100,1.8,1.0,98.2,0.7,4.3
2023-08-24 06:14:10 +0100,3.3,1.4,96.7,1.8,4.2
2023-08-24 06:15:10 +0100,1.9,1.1,98.1,0.7,4.2
2023-08-24 06:16:10 +0100,2.0,1.0,98.0,0.9,4.2
2023-08-24 06:17:10 +0100,1.9,1.1,98.1,0.7,4.2
2023-08-24 06:18:10 +0100,1.8,0.9,98.2,0.8,4.2
2023-08-24 06:19:10 +0100,3.0,1.5,97.0,1.4,4.2
2023-08-24 06:20:10 +0100,1.1,0.4,98.9,0.6,4.2
2023-08-24 06:21:10 +0100,1.7,0.9,98.3,0.7,4.3
2023-08-24 06:22:10 +0100,2.0,1.0,98.0,1.0,4.3
2023-08-24 06:23:11 +0100,2.1,1.2,97.9,0.8,4.3
2023-08-24 06:24:10 +0100,1.9,0.9,98.1,1.0,4.3
2023-08-24 06:25:11 +0100,1.8,1.1,98.2,0.7,4.2
2023-08-24 06:26:11 +0100,1.9,1.0,98.1,0.8,4.2
2023-08-24 06:27:11 +0100,2.1,1.0,97.9,0.9,4.2
2023-08-24 06:28:11 +0100,1.6,0.8,98.4,0.7,4.2
2023-08-24 06:29:11 +0100,2.1,1.1,97.9,0.9,4.2
2023-08-24 06:30:11 +0100,1.6,0.8,98.4,0.7,4.2
2023-08-24 06:31:11 +0100,2.3,1.2,97.7,1.1,4.2
2023-08-24 06:32:11 +0100,0.3,0.1,99.7,0.2,4.2
2023-08-24 06:33:11 +0100,1.7,0.9,98.3,0.7,4.2
2023-08-24 06:34:11 +0100,2.3,1.0,97.7,1.2,4.2
2023-08-24 06:35:11 +0100,1.7,1.0,98.3,0.6,4.2
2023-08-24 06:36:11 +0100,2.0,1.0,98.0,0.9,4.2
2023-08-24 06:37:11 +0100,1.7,1.1,98.3,0.6,4.2
2023-08-24 06:38:11 +0100,1.9,1.0,98.1,0.8,4.2
2023-08-24 06:39:11 +0100,3.2,1.7,96.8,1.4,4.2
2023-08-24 06:40:11 +0100,1.8,0.9,98.2,0.8,4.3
2023-08-24 06:41:11 +0100,1.9,1.0,98.1,0.8,4.3
2023-08-24 06:42:11 +0100,1.8,0.9,98.2,0.8,4.3
2023-08-24 06:43:11 +0100,1.4,0.8,98.6,0.6,4.3
2023-08-24 06:44:11 +0100,1.6,0.7,98.4,0.9,4.3
2023-08-24 06:45:11 +0100,1.9,1.1,98.1,0.8,4.3
2023-08-24 06:46:11 +0100,1.6,0.8,98.4,0.7,4.3
2023-08-24 06:47:11 +0100,2.0,1.1,98.0,0.8,4.3
2023-08-24 06:48:11 +0100,1.7,1.0,98.3,0.7,4.3
2023-08-24 06:49:11 +0100,2.1,1.1,97.9,0.9,4.3
2023-08-24 06:50:11 +0100,1.7,0.9,98.3,0.7,4.3
2023-08-24 06:51:11 +0100,2.3,1.2,97.7,0.9,4.2
2023-08-24 06:52:11 +0100,1.6,0.9,98.4,0.7,4.2
2023-08-24 06:53:11 +0100,2.4,1.0,97.6,1.3,4.3
2023-08-24 06:54:11 +0100,2.1,1.1,97.9,1.0,4.3
2023-08-24 06:55:11 +0100,0.9,0.5,99.1,0.4,4.2
2023-08-24 06:56:11 +0100,1.4,0.7,98.6,0.6,4.2
2023-08-24 06:57:11 +0100,1.6,0.9,98.4,0.6,4.2
2023-08-24 06:58:11 +0100,1.9,1.0,98.1,0.8,4.2
2023-08-24 06:59:11 +0100,2.1,1.3,97.9,0.7,4.2
2023-08-24 07:00:11 +0100,1.8,0.9,98.2,0.8,4.2
2023-08-24 07:01:11 +0100,1.9,1.1,98.1,0.7,4.2
2023-08-24 07:02:11 +0100,4.0,1.6,96.0,2.3,4.2
2023-08-24 07:03:11 +0100,2.4,1.3,97.6,1.0,4.3
2023-08-24 07:04:11 +0100,2.3,1.0,97.7,1.2,4.3
2023-08-24 07:05:11 +0100,2.0,1.1,98.0,0.8,4.2
2023-08-24 07:06:11 +0100,1.8,0.9,98.2,0.8,4.2
2023-08-24 07:07:11 +0100,0.4,0.3,99.6,0.1,4.2
2023-08-24 07:08:11 +0100,1.5,0.8,98.5,0.6,4.2
2023-08-24 07:09:11 +0100,2.0,1.0,98.0,0.9,4.2
2023-08-24 07:10:11 +0100,1.7,0.9,98.3,0.7,4.2
2023-08-24 07:11:11 +0100,2.1,1.1,97.9,0.9,4.3
2023-08-24 07:12:11 +0100,1.5,0.8,98.5,0.6,4.3
2023-08-24 07:13:11 +0100,1.8,0.9,98.2,0.8,4.3
2023-08-24 07:14:11 +0100,2.6,1.1,97.4,1.4,4.3
2023-08-24 07:15:11 +0100,1.9,1.0,98.1,0.8,4.2
2023-08-24 07:16:11 +0100,1.8,0.9,98.2,0.8,4.2
2023-08-24 07:17:11 +0100,1.9,1.0,98.1,0.8,4.2
2023-08-24 07:18:11 +0100,1.5,0.8,98.5,0.6,4.2
2023-08-24 07:19:11 +0100,2.7,1.0,97.3,1.7,4.2
2023-08-24 07:20:11 +0100,1.9,0.8,98.1,1.0,4.2
2023-08-24 07:21:11 +0100,1.9,1.0,98.1,0.8,4.2
2023-08-24 07:22:11 +0100,1.9,0.7,98.1,1.1,4.2
2023-08-24 07:23:11 +0100,1.7,0.9,98.3,0.7,4.2
2023-08-24 07:24:11 +0100,2.2,0.9,97.8,1.2,4.2
2023-08-24 07:25:11 +0100,1.7,0.8,98.3,0.8,4.2
2023-08-24 07:26:11 +0100,1.8,0.8,98.2,0.9,4.2
2023-08-24 07:27:11 +0100,1.8,0.9,98.2,0.8,4.2
2023-08-24 07:28:11 +0100,1.6,0.8,98.4,0.8,4.2
2023-08-24 07:29:11 +0100,1.9,1.1,98.1,0.7,4.2
2023-08-24 07:30:11 +0100,1.0,0.5,99.0,0.5,4.2
2023-08-24 07:31:11 +0100,1.2,0.6,98.8,0.5,4.2
2023-08-24 07:32:11 +0100,1.8,0.9,98.2,0.9,4.2
2023-08-24 07:33:11 +0100,1.8,0.9,98.2,0.8,4.2
2023-08-24 07:34:11 +0100,2.3,1.1,97.7,1.1,4.2
2023-08-24 07:35:11 +0100,1.9,1.1,98.1,0.8,4.2
2023-08-24 07:36:11 +0100,1.9,1.0,98.1,0.8,4.2
2023-08-24 07:37:11 +0100,2.0,1.1,98.0,0.8,4.2
2023-08-24 07:38:11 +0100,1.7,0.9,98.3,0.7,4.2
2023-08-24 07:39:11 +0100,2.2,1.1,97.8,1.0,4.2
2023-08-24 07:40:11 +0100,1.6,0.9,98.4,0.7,4.3
2023-08-24 07:41:11 +0100,1.9,1.1,98.1,0.8,4.3
2023-08-24 07:42:11 +0100,0.6,0.3,99.4,0.2,4.3
2023-08-24 07:43:11 +0100,1.5,0.7,98.5,0.7,4.3
2023-08-24 07:44:11 +0100,2.8,1.2,97.2,1.5,4.2
2023-08-24 07:45:11 +0100,1.8,0.9,98.2,0.8,4.2
2023-08-24 07:46:11 +0100,1.9,1.0,98.1,0.9,4.2
2023-08-24 07:47:11 +0100,1.8,1.0,98.2,0.7,4.2
2023-08-24 07:48:11 +0100,1.9,0.9,98.1,0.9,4.2
2023-08-24 07:49:11 +0100,1.8,0.9,98.2,0.8,4.2
2023-08-24 07:50:11 +0100,1.7,0.9,98.3,0.8,4.2
2023-08-24 07:51:11 +0100,1.9,1.1,98.1,0.8,4.2
2023-08-24 07:52:11 +0100,1.5,0.8,98.5,0.6,4.2
2023-08-24 07:53:12 +0100,2.2,1.1,97.8,1.1,4.3
2023-08-24 07:54:11 +0100,0.9,0.3,99.1,0.6,4.3
2023-08-24 07:55:12 +0100,2.1,1.1,97.9,0.9,4.2
2023-08-24 07:56:12 +0100,1.8,1.0,98.2,0.7,4.2
2023-08-24 07:57:12 +0100,2.2,1.1,97.8,0.9,4.2
2023-08-24 07:58:12 +0100,1.8,1.0,98.2,0.7,4.2
2023-08-24 07:59:12 +0100,2.1,1.2,97.9,0.8,4.2
2023-08-24 08:00:12 +0100,1.7,0.9,98.3,0.6,4.2
2023-08-24 08:01:12 +0100,2.1,1.1,97.9,0.8,4.2
2023-08-24 08:02:12 +0100,1.8,0.9,98.2,0.8,4.2
2023-08-24 08:03:12 +0100,1.6,0.9,98.4,0.7,4.2
2023-08-24 08:04:12 +0100,2.1,1.0,97.9,1.0,4.2
2023-08-24 08:05:12 +0100,1.3,0.7,98.7,0.5,4.2
2023-08-24 08:06:12 +0100,0.9,0.5,99.1,0.4,4.2
2023-08-24 08:07:12 +0100,2.0,1.1,98.0,0.8,4.2
2023-08-24 08:08:12 +0100,1.8,1.0,98.2,0.7,4.2
2023-08-24 08:09:12 +0100,1.8,1.0,98.2,0.7,4.2
2023-08-24 08:10:12 +0100,1.8,1.0,98.2,0.7,4.3
2023-08-24 08:11:12 +0100,1.8,1.0,98.2,0.7,4.3
2023-08-24 08:12:12 +0100,1.8,0.9,98.2,0.8,4.3
2023-08-24 08:13:12 +0100,1.9,1.1,98.1,0.7,4.3
2023-08-24 08:14:12 +0100,2.6,1.2,97.4,1.3,4.3
2023-08-24 08:15:12 +0100,1.8,1.0,98.2,0.7,4.2
2023-08-24 08:16:12 +0100,1.8,0.9,98.2,0.8,4.2
2023-08-24 08:17:12 +0100,0.9,0.5,99.1,0.4,4.2
2023-08-24 08:18:12 +0100,1.4,0.7,98.6,0.6,4.2
2023-08-24 08:19:12 +0100,2.1,1.1,97.9,1.0,4.2
2023-08-24 08:20:12 +0100,1.9,1.0,98.1,0.8,4.2
2023-08-24 08:21:12 +0100,1.9,1.0,98.1,0.8,4.2
2023-08-24 08:22:12 +0100,1.6,0.8,98.4,0.7,4.2
2023-08-24 08:23:12 +0100,2.4,1.1,97.6,1.2,4.2
2023-08-24 08:24:12 +0100,2.2,1.1,97.8,1.0,4.3
2023-08-24 08:25:12 +0100,1.9,1.0,98.1,0.8,4.3
2023-08-24 08:26:12 +0100,1.7,0.9,98.3,0.7,4.2
2023-08-24 08:27:12 +0100,2.1,1.1,97.9,0.9,4.2
2023-08-24 08:28:12 +0100,1.8,1.0,98.2,0.7,4.3
2023-08-24 08:29:12 +0100,0.6,0.4,99.4,0.2,4.2
2023-08-24 08:30:12 +0100,1.8,0.9,98.2,0.8,4.2
2023-08-24 08:31:12 +0100,1.8,1.1,98.2,0.7,4.2
2023-08-24 08:32:12 +0100,2.0,1.0,98.0,1.0,4.2
2023-08-24 08:33:12 +0100,1.7,0.9,98.3,0.7,4.2
2023-08-24 08:34:12 +0100,2.2,1.1,97.8,1.1,4.2
2023-08-24 08:35:12 +0100,1.8,1.0,98.2,0.7,4.2
2023-08-24 08:36:12 +0100,1.7,0.9,98.3,0.7,4.2
2023-08-24 08:37:12 +0100,2.1,1.1,97.9,0.8,4.2
2023-08-24 08:38:12 +0100,1.9,0.9,98.1,1.0,4.3
2023-08-24 08:39:12 +0100,1.9,1.1,98.1,0.8,4.3
2023-08-24 08:40:12 +0100,1.3,0.7,98.7,0.6,4.3
2023-08-24 08:41:12 +0100,10.4,4.3,89.6,6.1,4.3
2023-08-24 08:42:12 +0100,3.9,1.5,96.1,2.3,4.3
2023-08-24 08:43:12 +0100,2.6,1.1,97.4,1.4,4.3
2023-08-24 08:44:12 +0100,2.6,1.2,97.4,1.3,4.3
2023-08-24 08:45:12 +0100,2.0,1.1,98.0,0.8,4.3
2023-08-24 08:46:12 +0100,1.8,1.0,98.2,0.7,4.3
2023-08-24 08:47:12 +0100,1.9,1.0,98.1,0.8,4.3
2023-08-24 08:48:12 +0100,1.7,0.9,98.3,0.7,4.3
2023-08-24 08:49:12 +0100,1.9,1.1,98.1,0.8,4.3
2023-08-24 08:50:12 +0100,3.6,1.5,96.4,2.1,4.3
2023-08-24 08:51:12 +0100,2.0,1.1,98.0,0.8,4.3
2023-08-24 08:52:12 +0100,2.0,1.0,98.0,0.9,4.3
2023-08-24 08:53:12 +0100,1.8,0.8,98.2,1.0,4.3
2023-08-24 08:54:12 +0100,2.3,1.0,97.7,1.2,4.3
2023-08-24 08:55:12 +0100,1.9,1.1,98.1,0.7,4.3
2023-08-24 08:56:12 +0100,1.8,1.0,98.2,0.8,4.3
2023-08-24 08:57:12 +0100,2.0,1.1,98.0,0.8,4.3
2023-08-24 08:58:12 +0100,1.7,0.9,98.3,0.7,4.3
2023-08-24 08:59:12 +0100,2.0,1.2,98.0,0.8,4.3
2023-08-24 09:00:12 +0100,1.7,1.0,98.3,0.7,4.3
2023-08-24 09:01:12 +0100,1.7,0.9,98.3,0.7,4.3
2023-08-24 09:02:12 +0100,1.9,1.0,98.1,0.8,4.3
2023-08-24 09:03:12 +0100,1.9,1.0,98.1,0.8,4.3
2023-08-24 09:04:12 +0100,0.8,0.3,99.2,0.5,4.3
2023-08-24 09:05:12 +0100,1.6,0.8,98.4,0.7,4.3
2023-08-24 09:06:12 +0100,1.7,0.9,98.3,0.8,4.3
2023-08-24 09:07:12 +0100,1.9,1.0,98.1,0.8,4.3
2023-08-24 09:08:12 +0100,1.8,0.9,98.2,0.9,4.3
2023-08-24 09:09:12 +0100,1.5,0.9,98.5,0.6,4.3
2023-08-24 09:10:12 +0100,1.7,0.9,98.3,0.8,4.3
2023-08-24 09:11:12 +0100,1.7,0.9,98.3,0.7,4.3
2023-08-24 09:12:12 +0100,1.8,0.9,98.2,0.8,4.3
2023-08-24 09:13:12 +0100,1.7,0.9,98.3,0.8,4.3
2023-08-24 09:14:12 +0100,3.2,1.5,96.8,1.6,4.3
2023-08-24 09:15:12 +0100,1.9,0.9,98.1,1.0,4.3
2023-08-24 09:16:12 +0100,0.6,0.3,99.4,0.3,4.3
2023-08-24 09:17:12 +0100,2.0,1.0,98.0,0.9,4.3
2023-08-24 09:18:13 +0100,1.6,0.9,98.4,0.7,4.3
2023-08-24 09:19:13 +0100,2.0,1.0,98.0,0.9,4.3
2023-08-24 09:20:13 +0100,1.6,0.8,98.4,0.7,4.3
2023-08-24 09:21:13 +0100,1.8,1.0,98.2,0.7,4.3
2023-08-24 09:22:13 +0100,1.7,0.9,98.3,0.8,4.3
2023-08-24 09:23:13 +0100,2.2,1.0,97.8,1.2,4.3
2023-08-24 09:24:13 +0100,2.3,1.1,97.7,1.1,4.3
2023-08-24 09:25:13 +0100,1.9,1.0,98.1,0.9,4.3
2023-08-24 09:26:13 +0100,1.8,0.9,98.2,0.8,4.3
2023-08-24 09:27:13 +0100,1.2,0.7,98.8,0.5,4.3
2023-08-24 09:28:13 +0100,1.1,0.5,98.9,0.5,4.3
2023-08-24 09:29:13 +0100,1.9,1.2,98.1,0.7,4.3
2023-08-24 09:30:13 +0100,1.6,0.8,98.4,0.7,4.2
2023-08-24 09:31:13 +0100,1.6,0.9,98.4,0.6,4.2
2023-08-24 09:32:13 +0100,1.9,0.9,98.1,0.9,4.3
2023-08-24 09:33:13 +0100,1.9,1.1,98.1,0.7,4.3
2023-08-24 09:34:13 +0100,2.3,1.0,97.7,1.2,4.3
2023-08-24 09:35:13 +0100,1.9,1.1,98.1,0.8,4.3
2023-08-24 09:36:13 +0100,1.8,0.9,98.2,0.8,4.3
2023-08-24 09:37:13 +0100,1.8,1.1,98.2,0.7,4.3
2023-08-24 09:38:13 +0100,3.5,1.8,96.5,1.6,4.3
2023-08-24 09:39:13 +0100,0.7,0.4,99.3,0.4,4.3
2023-08-24 09:40:13 +0100,1.4,0.7,98.6,0.7,4.3
2023-08-24 09:41:13 +0100,1.9,1.0,98.1,0.8,4.3
2023-08-24 09:42:13 +0100,1.7,1.0,98.3,0.7,4.3
2023-08-24 09:43:13 +0100,1.8,1.0,98.2,0.8,4.3
2023-08-24 09:44:13 +0100,2.1,1.0,97.9,1.1,4.3
2023-08-24 09:45:13 +0100,2.4,1.1,97.6,1.2,4.3
2023-08-24 09:46:13 +0100,1.7,0.9,98.3,0.8,4.3
2023-08-24 09:47:13 +0100,2.2,1.0,97.8,1.2,4.3
2023-08-24 09:48:13 +0100,1.5,0.8,98.5,0.7,4.3
2023-08-24 09:49:13 +0100,1.8,0.9,98.2,0.8,4.3
2023-08-24 09:50:13 +0100,1.5,0.8,98.5,0.6,4.3
2023-08-24 09:51:13 +0100,0.6,0.4,99.4,0.3,4.3
2023-08-24 09:52:13 +0100,1.9,0.9,98.1,0.9,4.3
2023-08-24 09:53:13 +0100,2.3,1.0,97.7,1.2,4.3
2023-08-24 09:54:13 +0100,2.1,0.9,97.9,1.1,4.3
2023-08-24 09:55:13 +0100,1.8,1.0,98.2,0.7,4.3
2023-08-24 09:56:13 +0100,1.8,0.9,98.2,0.8,4.3
2023-08-24 09:57:13 +0100,1.9,1.0,98.1,0.8,4.3
2023-08-24 09:58:13 +0100,1.7,0.8,98.3,0.8,4.3
2023-08-24 09:59:13 +0100,1.7,1.0,98.3,0.7,4.3
2023-08-24 10:00:13 +0100,1.8,1.0,98.2,0.8,4.2
2023-08-24 10:01:13 +0100,1.7,0.9,98.3,0.7,4.2
2023-08-24 10:02:13 +0100,1.3,0.6,98.7,0.6,4.2
2023-08-24 10:03:13 +0100,1.1,0.5,98.9,0.5,4.3
2023-08-24 10:04:13 +0100,2.1,0.9,97.9,1.1,4.3
2023-08-24 10:05:13 +0100,1.7,0.9,98.3,0.7,4.3
2023-08-24 10:06:13 +0100,1.6,0.9,98.4,0.7,4.3
2023-08-24 10:07:13 +0100,1.9,0.9,98.1,0.9,4.3
2023-08-24 10:08:13 +0100,1.6,0.8,98.4,0.7,4.3
2023-08-24 10:09:13 +0100,2.0,1.0,98.0,0.9,4.3
2023-08-24 10:10:13 +0100,1.5,0.8,98.5,0.7,4.3
2023-08-24 10:11:13 +0100,2.0,1.1,98.0,0.8,4.3
2023-08-24 10:12:13 +0100,1.6,0.9,98.4,0.7,4.3
2023-08-24 10:13:13 +0100,2.0,1.0,98.0,0.9,4.3
2023-08-24 10:14:13 +0100,1.1,0.4,98.9,0.7,4.3
2023-08-24 10:15:13 +0100,1.9,1.0,98.1,0.9,4.3
2023-08-24 10:16:13 +0100,1.6,0.9,98.4,0.7,4.3
2023-08-24 10:17:13 +0100,1.7,1.0,98.3,0.7,4.3
2023-08-24 10:18:13 +0100,1.9,0.9,98.1,0.9,4.3
2023-08-24 10:19:13 +0100,1.6,0.9,98.4,0.7,4.3
2023-08-24 10:20:13 +0100,2.3,1.0,97.7,1.2,4.3
2023-08-24 10:21:13 +0100,3.5,1.5,96.5,1.9,4.3
2023-08-24 10:22:13 +0100,2.0,1.0,98.0,0.9,4.3
2023-08-24 10:23:13 +0100,2.2,1.1,97.8,1.0,4.3
2023-08-24 10:24:13 +0100,2.2,0.9,97.8,1.2,4.3
2023-08-24 10:25:13 +0100,1.6,0.9,98.4,0.7,4.3
2023-08-24 10:26:13 +0100,0.3,0.1,99.7,0.2,4.3
2023-08-24 10:27:13 +0100,1.7,0.9,98.3,0.7,4.3
2023-08-24 10:28:13 +0100,1.8,1.1,98.2,0.7,4.3
2023-08-24 10:29:13 +0100,1.9,1.0,98.1,0.8,4.3
2023-08-24 10:30:13 +0100,1.7,1.0,98.3,0.7,4.3
2023-08-24 10:31:13 +0100,1.9,1.0,98.1,0.8,4.3
2023-08-24 10:32:13 +0100,1.6,0.9,98.4,0.7,4.3
2023-08-24 10:33:13 +0100,1.9,1.0,98.1,0.8,4.3
2023-08-24 10:34:13 +0100,2.1,0.9,97.9,1.1,4.3
2023-08-24 10:35:13 +0100,1.8,0.9,98.2,0.8,4.3
2023-08-24 10:36:13 +0100,1.4,0.7,98.6,0.7,4.3
2023-08-24 10:37:13 +0100,1.3,0.7,98.7,0.6,4.3
2023-08-24 10:38:13 +0100,0.6,0.3,99.4,0.3,4.3
2023-08-24 10:39:13 +0100,1.8,0.9,98.2,0.9,4.3
2023-08-24 10:40:13 +0100,1.9,0.9,98.1,0.9,4.3
2023-08-24 10:41:13 +0100,1.7,1.0,98.3,0.7,4.3
2023-08-24 10:42:14 +0100,1.6,0.8,98.4,0.8,4.3
2023-08-24 10:43:13 +0100,1.8,0.9,98.2,0.8,4.3
2023-08-24 10:44:14 +0100,2.3,1.0,97.7,1.3,4.3
2023-08-24 10:45:14 +0100,2.2,1.1,97.8,1.1,4.3
2023-08-24 10:46:14 +0100,1.8,0.8,98.2,0.8,4.3
2023-08-24 10:47:14 +0100,1.7,0.9,98.3,0.7,4.3
2023-08-24 10:48:14 +0100,4.8,1.9,95.2,2.9,4.3
2023-08-24 10:49:14 +0100,0.7,0.4,99.3,0.3,4.3
2023-08-24 10:50:14 +0100,1.1,0.5,98.9,0.6,4.3
2023-08-24 10:51:14 +0100,1.8,0.9,98.2,0.8,4.3
2023-08-24 10:52:14 +0100,1.7,0.8,98.3,0.8,4.3
2023-08-24 10:53:14 +0100,2.5,1.1,97.5,1.3,4.3
2023-08-24 10:54:14 +0100,2.2,1.1,97.8,1.1,4.3
2023-08-24 10:55:14 +0100,1.8,0.9,98.2,0.8,4.3
2023-08-24 10:56:14 +0100,1.5,0.8,98.5,0.6,4.3
2023-08-24 10:57:14 +0100,1.8,0.9,98.2,0.8,4.3
2023-08-24 10:58:14 +0100,1.7,0.9,98.3,0.8,4.3
2023-08-24 10:59:14 +0100,1.9,0.9,98.1,0.9,4.3
2023-08-24 11:00:14 +0100,1.9,1.1,98.1,0.7,4.3
2023-08-24 11:01:14 +0100,8.1,0.8,91.9,7.3,4.3
2023-08-24 11:02:14 +0100,1.8,0.9,98.2,0.9,4.3
2023-08-24 11:03:14 +0100,1.9,1.0,98.1,0.8,4.3
2023-08-24 11:04:14 +0100,2.3,1.0,97.7,1.2,4.3
2023-08-24 11:05:14 +0100,1.8,1.0,98.2,0.7,4.3
2023-08-24 11:06:14 +0100,1.8,0.9,98.2,0.9,4.3
2023-08-24 11:07:14 +0100,1.9,1.1,98.1,0.8,4.3
2023-08-24 11:08:14 +0100,1.7,0.8,98.3,0.8,4.3
2023-08-24 11:09:14 +0100,2.0,1.1,98.0,0.8,4.3
2023-08-24 11:10:14 +0100,1.7,0.9,98.3,0.8,4.3
2023-08-24 11:11:14 +0100,1.6,1.0,98.4,0.6,4.3
2023-08-24 11:12:14 +0100,1.3,0.7,98.7,0.5,4.3
2023-08-24 11:13:14 +0100,1.0,0.5,99.0,0.5,4.3
2023-08-24 11:14:14 +0100,2.3,1.1,97.7,1.1,4.3
2023-08-24 11:15:14 +0100,2.4,1.2,97.6,1.2,4.3
2023-08-24 11:16:14 +0100,1.6,0.9,98.4,0.7,4.3
2023-08-24 11:17:14 +0100,1.8,0.9,98.2,0.9,4.3
2023-08-24 11:18:14 +0100,1.8,0.9,98.2,0.8,4.3
2023-08-24 11:19:14 +0100,1.9,0.9,98.1,0.9,4.3
2023-08-24 11:20:14 +0100,1.7,0.8,98.3,0.9,4.3
2023-08-24 11:21:14 +0100,1.9,1.0,98.1,0.9,4.3
2023-08-24 11:22:14 +0100,1.4,0.8,98.6,0.6,4.3
2023-08-24 11:23:14 +0100,2.4,1.1,97.6,1.2,4.3
